variant,items,cpu_ms_per_step
before,100,0.758167
before,100,0.518083
before,100,0.763750
before,100,0.532917
before,100,0.748667
before,100,0.518417
before,100,0.760000
before,100,0.523083
before,100,0.759167
before,100,0.545500
before,1000,5.930333
before,1000,5.556667
before,1000,5.535250
before,1000,6.180333
before,1000,5.390750
before,1000,5.839417
before,1000,5.709250
before,1000,6.008417
before,1000,5.615417
before,1000,5.325750
before,3000,20.435917
before,3000,21.057083
before,3000,20.205833
before,3000,21.796417
before,3000,19.730000
before,3000,20.250833
before,3000,19.143667
before,3000,20.251500
before,3000,19.860667
before,3000,20.454500
after,100,0.538333
after,100,0.385917
after,100,0.517000
after,100,0.389083
after,100,0.554833
after,100,0.394833
after,100,0.402000
after,100,0.506250
after,100,0.379500
after,100,0.532250
after,1000,2.941667
after,1000,2.735417
after,1000,2.945667
after,1000,2.699167
after,1000,3.246917
after,1000,2.776083
after,1000,2.939083
after,1000,3.536417
after,1000,3.097333
after,1000,3.114750
after,3000,12.556833
after,3000,11.200083
after,3000,10.857333
after,3000,11.720417
after,3000,10.800000
after,3000,11.345250
after,3000,10.772417
after,3000,11.235833
after,3000,12.883750
after,3000,10.754417
after,100,0.528417
after,100,0.375667
after,100,0.511667
after,100,0.378667
after,100,0.509167
after,100,0.363833
after,100,0.454333
after,100,0.370417
after,100,0.380750
after,100,0.471250
after,1000,2.782500
after,1000,3.040667
after,1000,2.883167
after,1000,3.357000
after,1000,3.190500
after,1000,2.885750
after,1000,3.080917
after,1000,3.169500
after,1000,2.770500
after,1000,3.000917
after,3000,10.024833
after,3000,10.230833
after,3000,10.171000
after,3000,11.505417
after,3000,10.142083
after,3000,10.127250
after,3000,10.060750
after,3000,10.376250
after,3000,11.692000
after,3000,10.144583
before,100,0.509917
before,100,0.795333
before,100,0.584667
before,100,0.886917
before,100,0.521917
before,100,0.747333
before,100,0.513000
before,100,0.750583
before,100,0.505833
before,100,0.730667
before,1000,5.415000
before,1000,5.346917
before,1000,5.449667
before,1000,5.421417
before,1000,5.166750
before,1000,5.475667
before,1000,5.620833
before,1000,5.777417
before,1000,5.364667
before,1000,5.352500
before,3000,19.926167
before,3000,21.263083
before,3000,19.246333
before,3000,20.424583
before,3000,19.680000
before,3000,20.353083
before,3000,19.322167
before,3000,19.653167
before,3000,20.265500
before,3000,20.355417
