sample,paragraph,baseline,1,0.385976000
sample,paragraph,full,1,0.045861000
sample,paragraph,candidate,1,0.046111000
sample,paragraph,candidate,2,0.046117000
sample,paragraph,full,2,0.045949000
sample,paragraph,baseline,2,0.389223000
sample,paragraph,baseline,3,0.390828000
sample,paragraph,full,3,0.046023000
sample,paragraph,candidate,3,0.045704000
sample,paragraph,candidate,4,0.046331000
sample,paragraph,full,4,0.046098000
sample,paragraph,baseline,4,0.386511000
sample,paragraph,baseline,5,0.389262000
sample,paragraph,full,5,0.045852000
sample,paragraph,candidate,5,0.045912000
sample,paragraph,candidate,6,0.045915000
sample,paragraph,full,6,0.045900000
sample,paragraph,baseline,6,0.385638000
sample,paragraph,baseline,7,0.387737000
sample,paragraph,full,7,0.046079000
sample,paragraph,candidate,7,0.046275000
sample,paragraph,candidate,8,0.046441000
sample,paragraph,full,8,0.045833000
sample,paragraph,baseline,8,0.386134000
sample,paragraph,baseline,9,0.384723000
sample,paragraph,full,9,0.046104000
sample,paragraph,candidate,9,0.046388000
sample,paragraph,candidate,10,0.046084000
sample,paragraph,full,10,0.046624000
sample,paragraph,baseline,10,0.384476000
summary,paragraph,baseline,bytes=16500,updates=129,n=10,median_s=0.386322500,best_s=0.384476000
summary,paragraph,full,bytes=16500,updates=129,n=10,median_s=0.045986000,best_s=0.045833000
summary,paragraph,candidate,bytes=16500,updates=129,n=10,median_s=0.046114000,best_s=0.045704000
sample,blocks,baseline,1,0.407064000
sample,blocks,full,1,0.189051000
sample,blocks,candidate,1,0.014061000
sample,blocks,candidate,2,0.013979000
sample,blocks,full,2,0.188000000
sample,blocks,baseline,2,0.407505000
sample,blocks,baseline,3,0.407054000
sample,blocks,full,3,0.185896000
sample,blocks,candidate,3,0.014030000
sample,blocks,candidate,4,0.014018000
sample,blocks,full,4,0.186907000
sample,blocks,baseline,4,0.408524000
sample,blocks,baseline,5,0.407476000
sample,blocks,full,5,0.189929000
sample,blocks,candidate,5,0.014219000
sample,blocks,candidate,6,0.014051000
sample,blocks,full,6,0.190359000
sample,blocks,baseline,6,0.410591000
sample,blocks,baseline,7,0.411478000
sample,blocks,full,7,0.190308000
sample,blocks,candidate,7,0.014088000
sample,blocks,candidate,8,0.013942000
sample,blocks,full,8,0.191369000
sample,blocks,baseline,8,0.409573000
sample,blocks,baseline,9,0.411095000
sample,blocks,full,9,0.191140000
sample,blocks,candidate,9,0.014139000
sample,blocks,candidate,10,0.014096000
sample,blocks,full,10,0.193890000
sample,blocks,baseline,10,0.411956000
summary,blocks,baseline,bytes=16800,updates=132,n=10,median_s=0.409048500,best_s=0.407054000
summary,blocks,full,bytes=16800,updates=132,n=10,median_s=0.190118500,best_s=0.185896000
summary,blocks,candidate,bytes=16800,updates=132,n=10,median_s=0.014056000,best_s=0.013942000
sample,fence,baseline,1,0.030294000
sample,fence,full,1,0.029614000
sample,fence,candidate,1,0.029564000
sample,fence,candidate,2,0.029540000
sample,fence,full,2,0.029491000
sample,fence,baseline,2,0.030117000
sample,fence,baseline,3,0.030395000
sample,fence,full,3,0.029160000
sample,fence,candidate,3,0.029090000
sample,fence,candidate,4,0.029403000
sample,fence,full,4,0.029845000
sample,fence,baseline,4,0.030005000
sample,fence,baseline,5,0.030338000
sample,fence,full,5,0.030206000
sample,fence,candidate,5,0.029802000
sample,fence,candidate,6,0.029013000
sample,fence,full,6,0.029140000
sample,fence,baseline,6,0.030383000
sample,fence,baseline,7,0.030567000
sample,fence,full,7,0.029658000
sample,fence,candidate,7,0.030274000
sample,fence,candidate,8,0.029984000
sample,fence,full,8,0.029804000
sample,fence,baseline,8,0.031093000
sample,fence,baseline,9,0.030957000
sample,fence,full,9,0.029601000
sample,fence,candidate,9,0.029934000
sample,fence,candidate,10,0.029650000
sample,fence,full,10,0.029714000
sample,fence,baseline,10,0.030406000
summary,fence,baseline,bytes=17110,updates=134,n=10,median_s=0.030389000,best_s=0.030005000
summary,fence,full,bytes=17110,updates=134,n=10,median_s=0.029636000,best_s=0.029140000
summary,fence,candidate,bytes=17110,updates=134,n=10,median_s=0.029607000,best_s=0.029013000
sample,table,baseline,1,0.527163000
sample,table,full,1,0.303692000
sample,table,candidate,1,0.300503000
sample,table,candidate,2,0.300348000
sample,table,full,2,0.302280000
sample,table,baseline,2,0.534526000
sample,table,baseline,3,0.527429000
sample,table,full,3,0.300711000
sample,table,candidate,3,0.300382000
sample,table,candidate,4,0.297453000
sample,table,full,4,0.298620000
sample,table,baseline,4,0.527408000
sample,table,baseline,5,0.529195000
sample,table,full,5,0.300533000
sample,table,candidate,5,0.300190000
sample,table,candidate,6,0.299728000
sample,table,full,6,0.300717000
sample,table,baseline,6,0.533025000
sample,table,baseline,7,0.528290000
sample,table,full,7,0.299388000
sample,table,candidate,7,0.298364000
sample,table,candidate,8,0.300797000
sample,table,full,8,0.315982000
sample,table,baseline,8,0.530293000
sample,table,baseline,9,0.528898000
sample,table,full,9,0.300861000
sample,table,candidate,9,0.299289000
sample,table,candidate,10,0.298867000
sample,table,full,10,0.301511000
sample,table,baseline,10,0.527997000
summary,table,baseline,bytes=16830,updates=132,n=10,median_s=0.528594000,best_s=0.527163000
summary,table,full,bytes=16830,updates=132,n=10,median_s=0.300789000,best_s=0.298620000
summary,table,candidate,bytes=16830,updates=132,n=10,median_s=0.299959000,best_s=0.297453000
sample,redraw,baseline,1,1.027553000
sample,redraw,full,1,0.430202000
sample,redraw,candidate,1,0.002680000
sample,redraw,candidate,2,0.002697000
sample,redraw,full,2,0.431972000
sample,redraw,baseline,2,1.030342000
sample,redraw,baseline,3,1.039779000
sample,redraw,full,3,0.431237000
sample,redraw,candidate,3,0.002631000
sample,redraw,candidate,4,0.002679000
sample,redraw,full,4,0.436788000
sample,redraw,baseline,4,1.033300000
sample,redraw,baseline,5,1.020415000
sample,redraw,full,5,0.429019000
sample,redraw,candidate,5,0.002669000
sample,redraw,candidate,6,0.002670000
sample,redraw,full,6,0.436889000
sample,redraw,baseline,6,1.024629000
sample,redraw,baseline,7,1.023096000
sample,redraw,full,7,0.428349000
sample,redraw,candidate,7,0.002615000
sample,redraw,candidate,8,0.002682000
sample,redraw,full,8,0.434843000
sample,redraw,baseline,8,1.024364000
sample,redraw,baseline,9,1.031168000
sample,redraw,full,9,0.434883000
sample,redraw,candidate,9,0.002661000
sample,redraw,candidate,10,0.002704000
sample,redraw,full,10,0.433442000
sample,redraw,baseline,10,1.028236000
summary,redraw,baseline,bytes=16500,updates=128,n=10,median_s=1.027894500,best_s=1.020415000
summary,redraw,full,bytes=16500,updates=128,n=10,median_s=0.432707000,best_s=0.428349000
summary,redraw,candidate,bytes=16500,updates=128,n=10,median_s=0.002674500,best_s=0.002615000
