sample,plain,baseline,1,1.502709000
sample,plain,candidate,1,0.006235000
sample,plain,candidate,2,0.006188000
sample,plain,baseline,2,1.501503000
sample,plain,baseline,3,1.500558000
sample,plain,candidate,3,0.006113000
sample,plain,candidate,4,0.006098000
sample,plain,baseline,4,1.499150000
sample,plain,baseline,5,1.485071000
sample,plain,candidate,5,0.006113000
sample,plain,candidate,6,0.006075000
sample,plain,baseline,6,1.485885000
sample,plain,baseline,7,1.483128000
sample,plain,candidate,7,0.006050000
sample,plain,candidate,8,0.006033000
sample,plain,baseline,8,1.498688000
sample,plain,baseline,9,1.496478000
sample,plain,candidate,9,0.006109000
sample,plain,candidate,10,0.006144000
sample,plain,baseline,10,1.485364000
summary,plain,baseline,bytes=16384,n=10,median_s=1.497583000,best_s=1.483128000,oracle_distinct=1
summary,plain,candidate,bytes=16384,n=10,median_s=0.006111000,best_s=0.006033000,oracle_distinct=1
sample,mixed,baseline,1,0.007477000
sample,mixed,candidate,1,0.005970000
sample,mixed,candidate,2,0.005235000
sample,mixed,baseline,2,0.007408000
sample,mixed,baseline,3,0.007384000
sample,mixed,candidate,3,0.005281000
sample,mixed,candidate,4,0.005194000
sample,mixed,baseline,4,0.007460000
sample,mixed,baseline,5,0.007403000
sample,mixed,candidate,5,0.005159000
sample,mixed,candidate,6,0.005247000
sample,mixed,baseline,6,0.007547000
sample,mixed,baseline,7,0.007456000
sample,mixed,candidate,7,0.005175000
sample,mixed,candidate,8,0.005214000
sample,mixed,baseline,8,0.007436000
sample,mixed,baseline,9,0.007420000
sample,mixed,candidate,9,0.005147000
sample,mixed,candidate,10,0.005188000
sample,mixed,baseline,10,0.007422000
summary,mixed,baseline,bytes=16384,n=10,median_s=0.007429000,best_s=0.007384000,oracle_distinct=1
summary,mixed,candidate,bytes=16384,n=10,median_s=0.005204000,best_s=0.005147000,oracle_distinct=1
