sample,brackets,2004,baseline,1,0.021353000
sample,brackets,2004,candidate,1,0.000352000
sample,brackets,2004,candidate,2,0.000338000
sample,brackets,2004,baseline,2,0.021117000
sample,brackets,2004,baseline,3,0.021204000
sample,brackets,2004,candidate,3,0.000368000
sample,brackets,2004,candidate,4,0.000363000
sample,brackets,2004,baseline,4,0.021083000
sample,brackets,2004,baseline,5,0.021155000
sample,brackets,2004,candidate,5,0.000366000
sample,brackets,2004,candidate,6,0.000362000
sample,brackets,2004,baseline,6,0.021155000
sample,brackets,2004,baseline,7,0.022481000
sample,brackets,2004,candidate,7,0.000373000
sample,brackets,2004,candidate,8,0.000346000
sample,brackets,2004,baseline,8,0.021224000
sample,brackets,2004,baseline,9,0.021548000
sample,brackets,2004,candidate,9,0.000357000
sample,brackets,2004,candidate,10,0.000355000
sample,brackets,2004,baseline,10,0.023182000
summary,brackets,2004,baseline,n=10,median_s=0.021214000,best_s=0.021083000
summary,brackets,2004,candidate,n=10,median_s=0.000359500,best_s=0.000338000
sample,brackets,4004,baseline,1,0.082079000
sample,brackets,4004,candidate,1,0.000704000
sample,brackets,4004,candidate,2,0.000701000
sample,brackets,4004,baseline,2,0.082254000
sample,brackets,4004,baseline,3,0.082179000
sample,brackets,4004,candidate,3,0.000694000
sample,brackets,4004,candidate,4,0.000693000
sample,brackets,4004,baseline,4,0.082244000
sample,brackets,4004,baseline,5,0.081800000
sample,brackets,4004,candidate,5,0.000722000
sample,brackets,4004,candidate,6,0.000709000
sample,brackets,4004,baseline,6,0.082784000
sample,brackets,4004,baseline,7,0.082821000
sample,brackets,4004,candidate,7,0.000681000
sample,brackets,4004,candidate,8,0.000676000
sample,brackets,4004,baseline,8,0.082185000
sample,brackets,4004,baseline,9,0.082338000
sample,brackets,4004,candidate,9,0.000695000
sample,brackets,4004,candidate,10,0.000696000
sample,brackets,4004,baseline,10,0.082315000
summary,brackets,4004,baseline,n=10,median_s=0.082249000,best_s=0.081800000
summary,brackets,4004,candidate,n=10,median_s=0.000695500,best_s=0.000676000
sample,brackets,8004,baseline,1,0.328366000
sample,brackets,8004,candidate,1,0.001360000
sample,brackets,8004,candidate,2,0.001362000
sample,brackets,8004,baseline,2,0.326464000
sample,brackets,8004,baseline,3,0.327806000
sample,brackets,8004,candidate,3,0.001370000
sample,brackets,8004,candidate,4,0.001337000
sample,brackets,8004,baseline,4,0.326357000
sample,brackets,8004,baseline,5,0.326343000
sample,brackets,8004,candidate,5,0.001373000
sample,brackets,8004,candidate,6,0.001357000
sample,brackets,8004,baseline,6,0.328875000
sample,brackets,8004,baseline,7,0.328063000
sample,brackets,8004,candidate,7,0.001401000
sample,brackets,8004,candidate,8,0.001397000
sample,brackets,8004,baseline,8,0.325792000
sample,brackets,8004,baseline,9,0.327665000
sample,brackets,8004,candidate,9,0.001389000
sample,brackets,8004,candidate,10,0.001387000
sample,brackets,8004,baseline,10,0.328692000
summary,brackets,8004,baseline,n=10,median_s=0.327735500,best_s=0.325792000
summary,brackets,8004,candidate,n=10,median_s=0.001371500,best_s=0.001337000
sample,links,8004,baseline,1,0.000817000
sample,links,8004,candidate,1,0.000622000
sample,links,8004,candidate,2,0.000629000
sample,links,8004,baseline,2,0.000830000
sample,links,8004,baseline,3,0.000840000
sample,links,8004,candidate,3,0.000640000
sample,links,8004,candidate,4,0.000674000
sample,links,8004,baseline,4,0.000869000
sample,links,8004,baseline,5,0.000861000
sample,links,8004,candidate,5,0.000641000
sample,links,8004,candidate,6,0.000638000
sample,links,8004,baseline,6,0.000860000
sample,links,8004,baseline,7,0.000825000
sample,links,8004,candidate,7,0.000620000
sample,links,8004,candidate,8,0.000633000
sample,links,8004,baseline,8,0.000838000
sample,links,8004,baseline,9,0.000840000
sample,links,8004,candidate,9,0.000626000
sample,links,8004,candidate,10,0.000631000
sample,links,8004,baseline,10,0.000840000
summary,links,8004,baseline,n=10,median_s=0.000840000,best_s=0.000817000
summary,links,8004,candidate,n=10,median_s=0.000632000,best_s=0.000620000
sample,links,16004,baseline,1,0.001806000
sample,links,16004,candidate,1,0.001279000
sample,links,16004,candidate,2,0.001243000
sample,links,16004,baseline,2,0.001717000
sample,links,16004,baseline,3,0.001714000
sample,links,16004,candidate,3,0.001234000
sample,links,16004,candidate,4,0.001244000
sample,links,16004,baseline,4,0.001712000
sample,links,16004,baseline,5,0.001735000
sample,links,16004,candidate,5,0.001261000
sample,links,16004,candidate,6,0.001261000
sample,links,16004,baseline,6,0.001748000
sample,links,16004,baseline,7,0.001756000
sample,links,16004,candidate,7,0.001217000
sample,links,16004,candidate,8,0.001229000
sample,links,16004,baseline,8,0.001726000
sample,links,16004,baseline,9,0.001709000
sample,links,16004,candidate,9,0.001232000
sample,links,16004,candidate,10,0.001250000
sample,links,16004,baseline,10,0.001749000
summary,links,16004,baseline,n=10,median_s=0.001730500,best_s=0.001709000
summary,links,16004,candidate,n=10,median_s=0.001243500,best_s=0.001217000
sample,links,32004,baseline,1,0.003744000
sample,links,32004,candidate,1,0.002511000
sample,links,32004,candidate,2,0.002511000
sample,links,32004,baseline,2,0.003795000
sample,links,32004,baseline,3,0.003807000
sample,links,32004,candidate,3,0.002529000
sample,links,32004,candidate,4,0.002521000
sample,links,32004,baseline,4,0.003677000
sample,links,32004,baseline,5,0.003678000
sample,links,32004,candidate,5,0.002462000
sample,links,32004,candidate,6,0.002493000
sample,links,32004,baseline,6,0.003666000
sample,links,32004,baseline,7,0.003719000
sample,links,32004,candidate,7,0.002429000
sample,links,32004,candidate,8,0.002420000
sample,links,32004,baseline,8,0.003691000
sample,links,32004,baseline,9,0.003659000
sample,links,32004,candidate,9,0.002411000
sample,links,32004,candidate,10,0.002423000
sample,links,32004,baseline,10,0.003669000
summary,links,32004,baseline,n=10,median_s=0.003684500,best_s=0.003659000
summary,links,32004,candidate,n=10,median_s=0.002477500,best_s=0.002411000
sample,quotes,4004,baseline,1,0.001497000
sample,quotes,4004,candidate,1,0.000171000
sample,quotes,4004,candidate,2,0.000172000
sample,quotes,4004,baseline,2,0.001467000
sample,quotes,4004,baseline,3,0.001501000
sample,quotes,4004,candidate,3,0.000179000
sample,quotes,4004,candidate,4,0.000191000
sample,quotes,4004,baseline,4,0.001502000
sample,quotes,4004,baseline,5,0.001467000
sample,quotes,4004,candidate,5,0.000182000
sample,quotes,4004,candidate,6,0.000172000
sample,quotes,4004,baseline,6,0.001460000
sample,quotes,4004,baseline,7,0.001461000
sample,quotes,4004,candidate,7,0.000174000
sample,quotes,4004,candidate,8,0.000168000
sample,quotes,4004,baseline,8,0.001463000
sample,quotes,4004,baseline,9,0.001479000
sample,quotes,4004,candidate,9,0.000168000
sample,quotes,4004,candidate,10,0.000168000
sample,quotes,4004,baseline,10,0.001469000
summary,quotes,4004,baseline,n=10,median_s=0.001468000,best_s=0.001460000
summary,quotes,4004,candidate,n=10,median_s=0.000172000,best_s=0.000168000
sample,quotes,8004,baseline,1,0.005301000
sample,quotes,8004,candidate,1,0.000336000
sample,quotes,8004,candidate,2,0.000341000
sample,quotes,8004,baseline,2,0.005212000
sample,quotes,8004,baseline,3,0.005120000
sample,quotes,8004,candidate,3,0.000334000
sample,quotes,8004,candidate,4,0.000346000
sample,quotes,8004,baseline,4,0.005112000
sample,quotes,8004,baseline,5,0.005164000
sample,quotes,8004,candidate,5,0.000344000
sample,quotes,8004,candidate,6,0.000370000
sample,quotes,8004,baseline,6,0.005174000
sample,quotes,8004,baseline,7,0.005107000
sample,quotes,8004,candidate,7,0.000341000
sample,quotes,8004,candidate,8,0.000351000
sample,quotes,8004,baseline,8,0.005243000
sample,quotes,8004,baseline,9,0.005090000
sample,quotes,8004,candidate,9,0.000334000
sample,quotes,8004,candidate,10,0.000345000
sample,quotes,8004,baseline,10,0.005090000
summary,quotes,8004,baseline,n=10,median_s=0.005142000,best_s=0.005090000
summary,quotes,8004,candidate,n=10,median_s=0.000342500,best_s=0.000334000
sample,quotes,16004,baseline,1,0.018967000
sample,quotes,16004,candidate,1,0.000688000
sample,quotes,16004,candidate,2,0.000681000
sample,quotes,16004,baseline,2,0.019421000
sample,quotes,16004,baseline,3,0.018682000
sample,quotes,16004,candidate,3,0.000670000
sample,quotes,16004,candidate,4,0.000682000
sample,quotes,16004,baseline,4,0.019359000
sample,quotes,16004,baseline,5,0.019168000
sample,quotes,16004,candidate,5,0.000669000
sample,quotes,16004,candidate,6,0.000663000
sample,quotes,16004,baseline,6,0.018501000
sample,quotes,16004,baseline,7,0.018442000
sample,quotes,16004,candidate,7,0.000674000
sample,quotes,16004,candidate,8,0.000667000
sample,quotes,16004,baseline,8,0.018500000
sample,quotes,16004,baseline,9,0.019788000
sample,quotes,16004,candidate,9,0.000688000
sample,quotes,16004,candidate,10,0.000689000
sample,quotes,16004,baseline,10,0.019106000
summary,quotes,16004,baseline,n=10,median_s=0.019036500,best_s=0.018442000
summary,quotes,16004,candidate,n=10,median_s=0.000677500,best_s=0.000663000
