baseline_api,incremental
sample,paragraph,baseline,1,0.046270000
sample,paragraph,full,1,0.036615000
sample,paragraph,candidate,1,0.035644000
sample,paragraph,candidate,2,0.036840000
sample,paragraph,full,2,0.035656000
sample,paragraph,baseline,2,0.045920000
sample,paragraph,baseline,3,0.046211000
sample,paragraph,full,3,0.035727000
sample,paragraph,candidate,3,0.036233000
sample,paragraph,candidate,4,0.035974000
sample,paragraph,full,4,0.035513000
sample,paragraph,baseline,4,0.045970000
sample,paragraph,baseline,5,0.046013000
sample,paragraph,full,5,0.036544000
sample,paragraph,candidate,5,0.036287000
sample,paragraph,candidate,6,0.036007000
sample,paragraph,full,6,0.036488000
sample,paragraph,baseline,6,0.045945000
sample,paragraph,baseline,7,0.046514000
sample,paragraph,full,7,0.036127000
sample,paragraph,candidate,7,0.035803000
sample,paragraph,candidate,8,0.036432000
sample,paragraph,full,8,0.035489000
sample,paragraph,baseline,8,0.046744000
sample,paragraph,baseline,9,0.052118000
sample,paragraph,full,9,0.036742000
sample,paragraph,candidate,9,0.036505000
sample,paragraph,candidate,10,0.035611000
sample,paragraph,full,10,0.036280000
sample,paragraph,baseline,10,0.046743000
summary,paragraph,baseline,bytes=16500,updates=129,n=10,median_s=0.046240500,best_s=0.045920000
summary,paragraph,full,bytes=16500,updates=129,n=10,median_s=0.036203500,best_s=0.035489000
summary,paragraph,candidate,bytes=16500,updates=129,n=10,median_s=0.036120000,best_s=0.035611000
sample,blocks,baseline,1,0.014236000
sample,blocks,full,1,0.190117000
sample,blocks,candidate,1,0.003316000
sample,blocks,candidate,2,0.003118000
sample,blocks,full,2,0.192080000
sample,blocks,baseline,2,0.013989000
sample,blocks,baseline,3,0.014189000
sample,blocks,full,3,0.186933000
sample,blocks,candidate,3,0.003202000
sample,blocks,candidate,4,0.003191000
sample,blocks,full,4,0.186331000
sample,blocks,baseline,4,0.014183000
sample,blocks,baseline,5,0.013985000
sample,blocks,full,5,0.186215000
sample,blocks,candidate,5,0.003250000
sample,blocks,candidate,6,0.003111000
sample,blocks,full,6,0.186572000
sample,blocks,baseline,6,0.014103000
sample,blocks,baseline,7,0.014056000
sample,blocks,full,7,0.193430000
sample,blocks,candidate,7,0.003121000
sample,blocks,candidate,8,0.003051000
sample,blocks,full,8,0.187889000
sample,blocks,baseline,8,0.014218000
sample,blocks,baseline,9,0.014142000
sample,blocks,full,9,0.193496000
sample,blocks,candidate,9,0.003302000
sample,blocks,candidate,10,0.003103000
sample,blocks,full,10,0.184783000
sample,blocks,baseline,10,0.014286000
summary,blocks,baseline,bytes=16800,updates=132,n=10,median_s=0.014162500,best_s=0.013985000
summary,blocks,full,bytes=16800,updates=132,n=10,median_s=0.187411000,best_s=0.184783000
summary,blocks,candidate,bytes=16800,updates=132,n=10,median_s=0.003156000,best_s=0.003051000
sample,fence,baseline,1,0.028829000
sample,fence,full,1,0.016643000
sample,fence,candidate,1,0.016665000
sample,fence,candidate,2,0.017018000
sample,fence,full,2,0.016970000
sample,fence,baseline,2,0.028710000
sample,fence,baseline,3,0.028788000
sample,fence,full,3,0.017031000
sample,fence,candidate,3,0.016928000
sample,fence,candidate,4,0.016874000
sample,fence,full,4,0.016745000
sample,fence,baseline,4,0.028876000
sample,fence,baseline,5,0.029648000
sample,fence,full,5,0.016768000
sample,fence,candidate,5,0.016669000
sample,fence,candidate,6,0.016694000
sample,fence,full,6,0.016556000
sample,fence,baseline,6,0.028858000
sample,fence,baseline,7,0.028994000
sample,fence,full,7,0.016746000
sample,fence,candidate,7,0.016671000
sample,fence,candidate,8,0.016720000
sample,fence,full,8,0.016746000
sample,fence,baseline,8,0.028868000
sample,fence,baseline,9,0.028755000
sample,fence,full,9,0.016655000
sample,fence,candidate,9,0.016775000
sample,fence,candidate,10,0.016767000
sample,fence,full,10,0.016782000
sample,fence,baseline,10,0.028941000
summary,fence,baseline,bytes=17110,updates=134,n=10,median_s=0.028863000,best_s=0.028710000
summary,fence,full,bytes=17110,updates=134,n=10,median_s=0.016746000,best_s=0.016556000
summary,fence,candidate,bytes=17110,updates=134,n=10,median_s=0.016743500,best_s=0.016665000
sample,table,baseline,1,0.326262000
sample,table,full,1,0.325058000
sample,table,candidate,1,0.310311000
sample,table,candidate,2,0.312498000
sample,table,full,2,0.317788000
sample,table,baseline,2,0.327044000
sample,table,baseline,3,0.329342000
sample,table,full,3,0.322453000
sample,table,candidate,3,0.319488000
sample,table,candidate,4,0.320799000
sample,table,full,4,0.310827000
sample,table,baseline,4,0.319768000
sample,table,baseline,5,0.333416000
sample,table,full,5,0.312775000
sample,table,candidate,5,0.319654000
sample,table,candidate,6,0.316437000
sample,table,full,6,0.315883000
sample,table,baseline,6,0.326647000
sample,table,baseline,7,0.326303000
sample,table,full,7,0.307896000
sample,table,candidate,7,0.319809000
sample,table,candidate,8,0.317479000
sample,table,full,8,0.314965000
sample,table,baseline,8,0.323298000
sample,table,baseline,9,0.316565000
sample,table,full,9,0.318015000
sample,table,candidate,9,0.318048000
sample,table,candidate,10,0.315591000
sample,table,full,10,0.313683000
sample,table,baseline,10,0.329209000
summary,table,baseline,bytes=16830,updates=132,n=10,median_s=0.326475000,best_s=0.316565000
summary,table,full,bytes=16830,updates=132,n=10,median_s=0.315424000,best_s=0.307896000
summary,table,candidate,bytes=16830,updates=132,n=10,median_s=0.317763500,best_s=0.310311000
sample,redraw,baseline,1,0.002688000
sample,redraw,full,1,0.427208000
sample,redraw,candidate,1,0.002551000
sample,redraw,candidate,2,0.002510000
sample,redraw,full,2,0.419037000
sample,redraw,baseline,2,0.002821000
sample,redraw,baseline,3,0.002851000
sample,redraw,full,3,0.437729000
sample,redraw,candidate,3,0.002614000
sample,redraw,candidate,4,0.002513000
sample,redraw,full,4,0.448202000
sample,redraw,baseline,4,0.002788000
sample,redraw,baseline,5,0.002824000
sample,redraw,full,5,0.437633000
sample,redraw,candidate,5,0.002526000
sample,redraw,candidate,6,0.002607000
sample,redraw,full,6,0.430524000
sample,redraw,baseline,6,0.002762000
sample,redraw,baseline,7,0.002720000
sample,redraw,full,7,0.428117000
sample,redraw,candidate,7,0.002577000
sample,redraw,candidate,8,0.002560000
sample,redraw,full,8,0.431619000
sample,redraw,baseline,8,0.002754000
sample,redraw,baseline,9,0.002797000
sample,redraw,full,9,0.438294000
sample,redraw,candidate,9,0.002546000
sample,redraw,candidate,10,0.002569000
sample,redraw,full,10,0.432289000
sample,redraw,baseline,10,0.002844000
summary,redraw,baseline,bytes=16500,updates=128,n=10,median_s=0.002792500,best_s=0.002688000
summary,redraw,full,bytes=16500,updates=128,n=10,median_s=0.431954000,best_s=0.419037000
summary,redraw,candidate,bytes=16500,updates=128,n=10,median_s=0.002555500,best_s=0.002510000
