workload,bytes=6300,stream_updates=50,redraw_updates=100
sample,stream,baseline,1,0.011852000
sample,stream,candidate,1,0.006170000
sample,stream,candidate,2,0.006124000
sample,stream,baseline,2,0.006558000
sample,stream,baseline,3,0.006025000
sample,stream,candidate,3,0.006308000
sample,stream,candidate,4,0.006300000
sample,stream,baseline,4,0.006076000
sample,stream,baseline,5,0.006163000
sample,stream,candidate,5,0.006878000
sample,stream,candidate,6,0.008392000
sample,stream,baseline,6,0.005961000
sample,stream,baseline,7,0.005674000
sample,stream,candidate,7,0.006491000
sample,stream,candidate,8,0.006376000
sample,stream,baseline,8,0.006638000
sample,stream,baseline,9,0.005498000
sample,stream,candidate,9,0.008960000
sample,stream,candidate,10,0.007259000
sample,stream,baseline,10,0.007243000
summary,stream,candidate,median_s=0.006433500,best_s=0.006124000
summary,stream,baseline,median_s=0.006119500,best_s=0.005498000
sample,redraw,baseline,1,0.002646000
sample,redraw,candidate,1,0.003119000
sample,redraw,candidate,2,0.003222000
sample,redraw,baseline,2,0.002641000
sample,redraw,baseline,3,0.002661000
sample,redraw,candidate,3,0.003156000
sample,redraw,candidate,4,0.003178000
sample,redraw,baseline,4,0.002727000
sample,redraw,baseline,5,0.002688000
sample,redraw,candidate,5,0.003190000
sample,redraw,candidate,6,0.003105000
sample,redraw,baseline,6,0.002747000
sample,redraw,baseline,7,0.002673000
sample,redraw,candidate,7,0.003109000
sample,redraw,candidate,8,0.003165000
sample,redraw,baseline,8,0.002888000
sample,redraw,baseline,9,0.002659000
sample,redraw,candidate,9,0.003101000
sample,redraw,candidate,10,0.003098000
sample,redraw,baseline,10,0.002626000
summary,redraw,candidate,median_s=0.003137500,best_s=0.003098000
summary,redraw,baseline,median_s=0.002667000,best_s=0.002626000
