variant,block,models,rate_hz,sample,direction,keys,final_row,release_to_final_ms,rows_pending_at_release,post_release_frames,max_send_lateness_ms,frame_sha256
baseline,1,1000,30,1,1,30,31,22.549,1,1,0.093,cfdcf2d341fa4ac5c2c88a3d82379a5166da6097c378a16d4266ed0cb03ab211
baseline,1,1000,30,2,-1,30,1,34.407,1,1,0.077,acccdac3cff29487eda579610a4f63949932b7bdb8a6718f89879d7f6b7f0064
baseline,1,1000,30,3,1,30,31,20.614,1,1,0.083,cfdcf2d341fa4ac5c2c88a3d82379a5166da6097c378a16d4266ed0cb03ab211
baseline,1,1000,30,4,-1,30,1,21.696,2,2,0.087,acccdac3cff29487eda579610a4f63949932b7bdb8a6718f89879d7f6b7f0064
baseline,1,1000,30,5,1,30,31,20.485,1,1,0.210,cfdcf2d341fa4ac5c2c88a3d82379a5166da6097c378a16d4266ed0cb03ab211
baseline,1,1000,60,1,1,60,61,273.183,14,14,0.085,a31b27c26f68ba62c65bc79d836d47f77a562acdd8a6822e4a022a94d4af96ff
baseline,1,1000,60,2,-1,60,1,280.720,14,14,0.085,acccdac3cff29487eda579610a4f63949932b7bdb8a6718f89879d7f6b7f0064
baseline,1,1000,60,3,1,60,61,319.823,15,15,0.090,a31b27c26f68ba62c65bc79d836d47f77a562acdd8a6822e4a022a94d4af96ff
baseline,1,1000,60,4,-1,60,1,285.985,15,15,0.084,acccdac3cff29487eda579610a4f63949932b7bdb8a6718f89879d7f6b7f0064
baseline,1,1000,60,5,1,60,61,266.535,14,14,0.101,a31b27c26f68ba62c65bc79d836d47f77a562acdd8a6822e4a022a94d4af96ff
candidate,2,1000,30,1,1,30,31,8.665,1,1,0.080,cfdcf2d341fa4ac5c2c88a3d82379a5166da6097c378a16d4266ed0cb03ab211
candidate,2,1000,30,2,-1,30,1,8.479,1,1,0.080,acccdac3cff29487eda579610a4f63949932b7bdb8a6718f89879d7f6b7f0064
candidate,2,1000,30,3,1,30,31,7.819,1,1,0.101,cfdcf2d341fa4ac5c2c88a3d82379a5166da6097c378a16d4266ed0cb03ab211
candidate,2,1000,30,4,-1,30,1,7.627,1,1,0.091,acccdac3cff29487eda579610a4f63949932b7bdb8a6718f89879d7f6b7f0064
candidate,2,1000,30,5,1,30,31,13.307,1,1,0.082,cfdcf2d341fa4ac5c2c88a3d82379a5166da6097c378a16d4266ed0cb03ab211
candidate,2,1000,60,1,1,60,61,15.773,1,1,0.145,a31b27c26f68ba62c65bc79d836d47f77a562acdd8a6822e4a022a94d4af96ff
candidate,2,1000,60,2,-1,60,1,20.929,2,2,0.083,acccdac3cff29487eda579610a4f63949932b7bdb8a6718f89879d7f6b7f0064
candidate,2,1000,60,3,1,60,61,21.389,2,2,0.081,a31b27c26f68ba62c65bc79d836d47f77a562acdd8a6822e4a022a94d4af96ff
candidate,2,1000,60,4,-1,60,1,20.972,2,2,0.098,acccdac3cff29487eda579610a4f63949932b7bdb8a6718f89879d7f6b7f0064
candidate,2,1000,60,5,1,60,61,19.399,2,2,0.086,a31b27c26f68ba62c65bc79d836d47f77a562acdd8a6822e4a022a94d4af96ff
candidate,3,1000,30,1,1,30,31,8.569,1,1,0.083,cfdcf2d341fa4ac5c2c88a3d82379a5166da6097c378a16d4266ed0cb03ab211
candidate,3,1000,30,2,-1,30,1,9.246,1,1,0.091,acccdac3cff29487eda579610a4f63949932b7bdb8a6718f89879d7f6b7f0064
candidate,3,1000,30,3,1,30,31,8.292,1,1,0.093,cfdcf2d341fa4ac5c2c88a3d82379a5166da6097c378a16d4266ed0cb03ab211
candidate,3,1000,30,4,-1,30,1,9.431,1,1,0.089,acccdac3cff29487eda579610a4f63949932b7bdb8a6718f89879d7f6b7f0064
candidate,3,1000,30,5,1,30,31,8.312,1,1,0.093,cfdcf2d341fa4ac5c2c88a3d82379a5166da6097c378a16d4266ed0cb03ab211
candidate,3,1000,60,1,1,60,61,10.894,1,1,0.075,a31b27c26f68ba62c65bc79d836d47f77a562acdd8a6822e4a022a94d4af96ff
candidate,3,1000,60,2,-1,60,1,25.664,2,2,0.092,acccdac3cff29487eda579610a4f63949932b7bdb8a6718f89879d7f6b7f0064
candidate,3,1000,60,3,1,60,61,11.905,1,1,0.082,a31b27c26f68ba62c65bc79d836d47f77a562acdd8a6822e4a022a94d4af96ff
candidate,3,1000,60,4,-1,60,1,17.031,1,1,0.084,acccdac3cff29487eda579610a4f63949932b7bdb8a6718f89879d7f6b7f0064
candidate,3,1000,60,5,1,60,61,17.787,1,1,0.131,a31b27c26f68ba62c65bc79d836d47f77a562acdd8a6822e4a022a94d4af96ff
baseline,4,1000,30,1,1,30,31,23.312,1,1,0.075,cfdcf2d341fa4ac5c2c88a3d82379a5166da6097c378a16d4266ed0cb03ab211
baseline,4,1000,30,2,-1,30,1,24.446,1,1,0.081,acccdac3cff29487eda579610a4f63949932b7bdb8a6718f89879d7f6b7f0064
baseline,4,1000,30,3,1,30,31,23.874,1,1,0.087,cfdcf2d341fa4ac5c2c88a3d82379a5166da6097c378a16d4266ed0cb03ab211
baseline,4,1000,30,4,-1,30,1,27.031,1,1,0.090,acccdac3cff29487eda579610a4f63949932b7bdb8a6718f89879d7f6b7f0064
baseline,4,1000,30,5,1,30,31,22.700,1,1,0.080,cfdcf2d341fa4ac5c2c88a3d82379a5166da6097c378a16d4266ed0cb03ab211
baseline,4,1000,60,1,1,60,61,412.575,18,18,0.091,a31b27c26f68ba62c65bc79d836d47f77a562acdd8a6822e4a022a94d4af96ff
baseline,4,1000,60,2,-1,60,1,408.999,18,18,0.087,acccdac3cff29487eda579610a4f63949932b7bdb8a6718f89879d7f6b7f0064
baseline,4,1000,60,3,1,60,61,390.933,17,17,0.090,a31b27c26f68ba62c65bc79d836d47f77a562acdd8a6822e4a022a94d4af96ff
baseline,4,1000,60,4,-1,60,1,399.758,18,18,0.081,acccdac3cff29487eda579610a4f63949932b7bdb8a6718f89879d7f6b7f0064
baseline,4,1000,60,5,1,60,61,386.492,17,17,0.080,a31b27c26f68ba62c65bc79d836d47f77a562acdd8a6822e4a022a94d4af96ff
baseline,1,3000,30,1,1,30,31,1214.527,17,17,0.096,b59d9cff48ce69da7bb7a6ba2b2c13cf88ad674da2a18ea4f1f878e7f818b182
baseline,1,3000,30,2,-1,30,1,1118.269,17,17,0.103,c8ac6a8808839e694ca5143292b1594c110da928a82c2e538ca725b54a21f947
baseline,1,3000,30,3,1,30,31,1119.429,16,16,0.088,b59d9cff48ce69da7bb7a6ba2b2c13cf88ad674da2a18ea4f1f878e7f818b182
baseline,1,3000,30,4,-1,30,1,1142.990,17,17,0.094,c8ac6a8808839e694ca5143292b1594c110da928a82c2e538ca725b54a21f947
baseline,1,3000,30,5,1,30,31,1146.379,17,17,0.108,b59d9cff48ce69da7bb7a6ba2b2c13cf88ad674da2a18ea4f1f878e7f818b182
baseline,1,3000,60,1,1,60,61,3260.903,47,47,0.095,499e115a19d04d20f88d51c88856409607723123ef982d1a70b6120f0642432e
baseline,1,3000,60,2,-1,60,1,3222.896,47,47,0.105,c8ac6a8808839e694ca5143292b1594c110da928a82c2e538ca725b54a21f947
baseline,1,3000,60,3,1,60,61,3274.053,46,46,0.105,499e115a19d04d20f88d51c88856409607723123ef982d1a70b6120f0642432e
baseline,1,3000,60,4,-1,60,1,3187.831,46,46,0.089,c8ac6a8808839e694ca5143292b1594c110da928a82c2e538ca725b54a21f947
baseline,1,3000,60,5,1,60,61,3223.762,46,46,0.100,499e115a19d04d20f88d51c88856409607723123ef982d1a70b6120f0642432e
candidate,2,3000,30,1,1,30,31,17.778,1,1,0.094,b59d9cff48ce69da7bb7a6ba2b2c13cf88ad674da2a18ea4f1f878e7f818b182
candidate,2,3000,30,2,-1,30,1,19.395,1,1,0.088,c8ac6a8808839e694ca5143292b1594c110da928a82c2e538ca725b54a21f947
candidate,2,3000,30,3,1,30,31,19.220,1,1,0.082,b59d9cff48ce69da7bb7a6ba2b2c13cf88ad674da2a18ea4f1f878e7f818b182
candidate,2,3000,30,4,-1,30,1,19.564,1,1,0.089,c8ac6a8808839e694ca5143292b1594c110da928a82c2e538ca725b54a21f947
candidate,2,3000,30,5,1,30,31,17.207,1,1,0.087,b59d9cff48ce69da7bb7a6ba2b2c13cf88ad674da2a18ea4f1f878e7f818b182
candidate,2,3000,60,1,1,60,61,27.702,2,2,0.145,499e115a19d04d20f88d51c88856409607723123ef982d1a70b6120f0642432e
candidate,2,3000,60,2,-1,60,1,29.947,2,2,0.077,c8ac6a8808839e694ca5143292b1594c110da928a82c2e538ca725b54a21f947
candidate,2,3000,60,3,1,60,61,36.367,2,2,0.083,499e115a19d04d20f88d51c88856409607723123ef982d1a70b6120f0642432e
candidate,2,3000,60,4,-1,60,1,32.155,2,2,0.086,c8ac6a8808839e694ca5143292b1594c110da928a82c2e538ca725b54a21f947
candidate,2,3000,60,5,1,60,61,20.463,3,2,0.096,499e115a19d04d20f88d51c88856409607723123ef982d1a70b6120f0642432e
candidate,3,3000,30,1,1,30,31,16.786,1,1,0.086,b59d9cff48ce69da7bb7a6ba2b2c13cf88ad674da2a18ea4f1f878e7f818b182
candidate,3,3000,30,2,-1,30,1,16.361,1,1,0.088,c8ac6a8808839e694ca5143292b1594c110da928a82c2e538ca725b54a21f947
candidate,3,3000,30,3,1,30,31,21.044,1,1,0.074,b59d9cff48ce69da7bb7a6ba2b2c13cf88ad674da2a18ea4f1f878e7f818b182
candidate,3,3000,30,4,-1,30,1,18.808,1,1,0.077,c8ac6a8808839e694ca5143292b1594c110da928a82c2e538ca725b54a21f947
candidate,3,3000,30,5,1,30,31,22.806,1,1,0.077,b59d9cff48ce69da7bb7a6ba2b2c13cf88ad674da2a18ea4f1f878e7f818b182
candidate,3,3000,60,1,1,60,61,31.929,2,2,0.093,499e115a19d04d20f88d51c88856409607723123ef982d1a70b6120f0642432e
candidate,3,3000,60,2,-1,60,1,34.385,2,2,0.091,c8ac6a8808839e694ca5143292b1594c110da928a82c2e538ca725b54a21f947
candidate,3,3000,60,3,1,60,61,26.909,2,2,0.083,499e115a19d04d20f88d51c88856409607723123ef982d1a70b6120f0642432e
candidate,3,3000,60,4,-1,60,1,29.968,2,2,0.081,c8ac6a8808839e694ca5143292b1594c110da928a82c2e538ca725b54a21f947
candidate,3,3000,60,5,1,60,61,32.669,2,2,0.089,499e115a19d04d20f88d51c88856409607723123ef982d1a70b6120f0642432e
baseline,4,3000,30,1,1,30,31,934.090,15,15,0.092,b59d9cff48ce69da7bb7a6ba2b2c13cf88ad674da2a18ea4f1f878e7f818b182
baseline,4,3000,30,2,-1,30,1,988.472,16,16,0.086,c8ac6a8808839e694ca5143292b1594c110da928a82c2e538ca725b54a21f947
baseline,4,3000,30,3,1,30,31,954.079,16,16,0.082,b59d9cff48ce69da7bb7a6ba2b2c13cf88ad674da2a18ea4f1f878e7f818b182
baseline,4,3000,30,4,-1,30,1,1017.559,16,16,0.093,c8ac6a8808839e694ca5143292b1594c110da928a82c2e538ca725b54a21f947
baseline,4,3000,30,5,1,30,31,975.926,16,16,0.102,b59d9cff48ce69da7bb7a6ba2b2c13cf88ad674da2a18ea4f1f878e7f818b182
baseline,4,3000,60,1,1,60,61,2890.035,46,46,0.170,499e115a19d04d20f88d51c88856409607723123ef982d1a70b6120f0642432e
baseline,4,3000,60,2,-1,60,1,2840.800,45,45,0.101,c8ac6a8808839e694ca5143292b1594c110da928a82c2e538ca725b54a21f947
baseline,4,3000,60,3,1,60,61,2877.152,46,46,0.143,499e115a19d04d20f88d51c88856409607723123ef982d1a70b6120f0642432e
baseline,4,3000,60,4,-1,60,1,2876.038,45,45,0.103,c8ac6a8808839e694ca5143292b1594c110da928a82c2e538ca725b54a21f947
baseline,4,3000,60,5,1,60,61,2905.640,45,45,0.130,499e115a19d04d20f88d51c88856409607723123ef982d1a70b6120f0642432e
