variant,phase,run,blocks,workload,rest_ms,profiled,samples,median_ms,best_ms,max_ms,first_frame_ms,frame_sha256,p95_ms,p99_ms,scenario,burst,transport
baseline,oracle,1,300,redraw,25,False,1,5.820,5.820,5.820,717.310,4248b98ebe3e28cf35234adf93f0acac1b6d00536fd0ff8f06f86e86d18ce1c1,5.820,5.820,markdown,1,False
candidate,oracle,2,300,redraw,25,False,1,5.599,5.599,5.599,735.073,4248b98ebe3e28cf35234adf93f0acac1b6d00536fd0ff8f06f86e86d18ce1c1,5.599,5.599,markdown,1,False
baseline,oracle,3,300,redraw,25,False,1,6.006,6.006,6.006,680.556,4248b98ebe3e28cf35234adf93f0acac1b6d00536fd0ff8f06f86e86d18ce1c1,6.006,6.006,markdown,1,False
candidate,oracle,4,300,redraw,25,False,1,5.465,5.465,5.465,738.076,4248b98ebe3e28cf35234adf93f0acac1b6d00536fd0ff8f06f86e86d18ce1c1,5.465,5.465,markdown,1,False
baseline,oracle,5,300,redraw,25,False,1,5.992,5.992,5.992,716.228,4248b98ebe3e28cf35234adf93f0acac1b6d00536fd0ff8f06f86e86d18ce1c1,5.992,5.992,markdown,1,False
candidate,oracle,6,300,redraw,25,False,1,5.437,5.437,5.437,749.239,4248b98ebe3e28cf35234adf93f0acac1b6d00536fd0ff8f06f86e86d18ce1c1,5.437,5.437,markdown,1,False
baseline,oracle,7,300,redraw,25,False,1,5.882,5.882,5.882,686.914,4248b98ebe3e28cf35234adf93f0acac1b6d00536fd0ff8f06f86e86d18ce1c1,5.882,5.882,markdown,1,False
candidate,oracle,8,300,redraw,25,False,1,5.639,5.639,5.639,744.015,4248b98ebe3e28cf35234adf93f0acac1b6d00536fd0ff8f06f86e86d18ce1c1,5.639,5.639,markdown,1,False
baseline,oracle,9,300,redraw,25,False,1,6.995,6.995,6.995,679.002,4248b98ebe3e28cf35234adf93f0acac1b6d00536fd0ff8f06f86e86d18ce1c1,6.995,6.995,markdown,1,False
candidate,oracle,10,300,redraw,25,False,1,5.257,5.257,5.257,749.796,4248b98ebe3e28cf35234adf93f0acac1b6d00536fd0ff8f06f86e86d18ce1c1,5.257,5.257,markdown,1,False
baseline,oracle,11,300,redraw,25,False,1,5.528,5.528,5.528,688.373,4248b98ebe3e28cf35234adf93f0acac1b6d00536fd0ff8f06f86e86d18ce1c1,5.528,5.528,markdown,1,False
candidate,oracle,12,300,redraw,25,False,1,5.595,5.595,5.595,766.226,4248b98ebe3e28cf35234adf93f0acac1b6d00536fd0ff8f06f86e86d18ce1c1,5.595,5.595,markdown,1,False
baseline,measurement,1,300,redraw,25,False,10,5.882,5.204,6.568,760.027,cbade27e8600965d54ed5d0dd5c6c0bc101487653110561a20434de3e66d6132,6.527,6.560,markdown,1,False
candidate,measurement,2,300,redraw,25,False,10,5.742,5.178,6.469,706.352,cbade27e8600965d54ed5d0dd5c6c0bc101487653110561a20434de3e66d6132,6.413,6.458,markdown,1,False
candidate,measurement,3,300,redraw,25,False,10,5.787,5.445,6.651,765.590,cbade27e8600965d54ed5d0dd5c6c0bc101487653110561a20434de3e66d6132,6.579,6.636,markdown,1,False
baseline,measurement,4,300,redraw,25,False,10,5.962,5.406,7.166,697.471,cbade27e8600965d54ed5d0dd5c6c0bc101487653110561a20434de3e66d6132,6.975,7.128,markdown,1,False
baseline,oracle,1,300,stream,25,False,1,10.018,10.018,10.018,710.128,cb28f373f2db328ceea980d902bf1cb2ff089d1bf4caccc0229cf443c132d1d0,10.018,10.018,markdown,32,True
candidate,oracle,2,300,stream,25,False,1,9.750,9.750,9.750,736.881,cb28f373f2db328ceea980d902bf1cb2ff089d1bf4caccc0229cf443c132d1d0,9.750,9.750,markdown,32,True
baseline,oracle,3,300,stream,25,False,1,9.040,9.040,9.040,717.347,cb28f373f2db328ceea980d902bf1cb2ff089d1bf4caccc0229cf443c132d1d0,9.040,9.040,markdown,32,True
candidate,oracle,4,300,stream,25,False,1,9.049,9.049,9.049,761.920,cb28f373f2db328ceea980d902bf1cb2ff089d1bf4caccc0229cf443c132d1d0,9.049,9.049,markdown,32,True
baseline,oracle,5,300,stream,25,False,1,9.838,9.838,9.838,718.713,cb28f373f2db328ceea980d902bf1cb2ff089d1bf4caccc0229cf443c132d1d0,9.838,9.838,markdown,32,True
candidate,oracle,6,300,stream,25,False,1,9.230,9.230,9.230,734.176,cb28f373f2db328ceea980d902bf1cb2ff089d1bf4caccc0229cf443c132d1d0,9.230,9.230,markdown,32,True
baseline,oracle,7,300,stream,25,False,1,9.023,9.023,9.023,710.446,cb28f373f2db328ceea980d902bf1cb2ff089d1bf4caccc0229cf443c132d1d0,9.023,9.023,markdown,32,True
candidate,oracle,8,300,stream,25,False,1,9.953,9.953,9.953,832.952,cb28f373f2db328ceea980d902bf1cb2ff089d1bf4caccc0229cf443c132d1d0,9.953,9.953,markdown,32,True
baseline,oracle,9,300,stream,25,False,1,9.852,9.852,9.852,739.339,cb28f373f2db328ceea980d902bf1cb2ff089d1bf4caccc0229cf443c132d1d0,9.852,9.852,markdown,32,True
candidate,oracle,10,300,stream,25,False,1,13.943,13.943,13.943,770.010,cb28f373f2db328ceea980d902bf1cb2ff089d1bf4caccc0229cf443c132d1d0,13.943,13.943,markdown,32,True
baseline,oracle,11,300,stream,25,False,1,7.823,7.823,7.823,727.473,cb28f373f2db328ceea980d902bf1cb2ff089d1bf4caccc0229cf443c132d1d0,7.823,7.823,markdown,32,True
candidate,oracle,12,300,stream,25,False,1,9.009,9.009,9.009,779.722,cb28f373f2db328ceea980d902bf1cb2ff089d1bf4caccc0229cf443c132d1d0,9.009,9.009,markdown,32,True
baseline,measurement,1,300,stream,25,False,10,9.886,9.024,15.578,719.087,77f6559e3a35f61741b48c3ead24bd020155787fe822e35d90e1679fcfffaeb3,14.869,15.436,markdown,32,True
candidate,measurement,2,300,stream,25,False,10,9.711,8.843,17.223,758.037,77f6559e3a35f61741b48c3ead24bd020155787fe822e35d90e1679fcfffaeb3,15.411,16.860,markdown,32,True
candidate,measurement,3,300,stream,25,False,10,9.441,8.929,10.807,770.210,77f6559e3a35f61741b48c3ead24bd020155787fe822e35d90e1679fcfffaeb3,10.730,10.791,markdown,32,True
baseline,measurement,4,300,stream,25,False,10,9.730,8.780,17.354,728.788,77f6559e3a35f61741b48c3ead24bd020155787fe822e35d90e1679fcfffaeb3,15.047,16.892,markdown,32,True
